[
  {
    "sender": "firman",
    "receiver": "danis",
    "message": "Hai firman",
    "timestamp": "2025-12-20T07:22:18.966636"
  },
  {
    "sender": "firman",
    "receiver": "danis",
    "message": "Hai firman",
    "timestamp": "2025-12-23T11:48:41.629099"
  },
  {
    "user": "firman",
    "message": "Hai firman",
    "hash": "58975f4992aa12907498629e8f85189119555dc89a6cc994e079a11ad6451330"
  },
  {
    "user": "firman",
    "message": "Hai danis",
    "hash": "0f1ad84591ef88554105374cb617fe1baf370d6ba42e51db7403657690d48a82"
  },
  {
    "user": "firman",
    "message": "Hai danis",
    "hash": "0f1ad84591ef88554105374cb617fe1baf370d6ba42e51db7403657690d48a82"
  }
]